INSERT INTO TYPE (ID_TYPE, DISCIPLINE, INDIVIDUAL, RESULT, DRAW) VALUES (1, 'Piłka nożna', FALSE, TRUE, TRUE);
INSERT INTO TYPE (ID_TYPE, DISCIPLINE, INDIVIDUAL, RESULT, DRAW) VALUES (2, 'Skoki narciarskie', TRUE, FALSE, FALSE);
INSERT INTO TYPE (ID_TYPE, DISCIPLINE, INDIVIDUAL, RESULT, DRAW) VALUES (3, 'Pływanie', TRUE, FALSE, FALSE);
INSERT INTO TYPE (ID_TYPE, DISCIPLINE, INDIVIDUAL, RESULT, DRAW) VALUES (4, 'Piłka ręczna', FALSE, TRUE, TRUE);
INSERT INTO TYPE (ID_TYPE, DISCIPLINE, INDIVIDUAL, RESULT, DRAW) VALUES (5, 'Koszykówka', FALSE, TRUE, TRUE);
INSERT INTO TYPE (ID_TYPE, DISCIPLINE, INDIVIDUAL, RESULT, DRAW) VALUES (6, 'Siatkówka', FALSE, TRUE, FALSE);
INSERT INTO TYPE (ID_TYPE, DISCIPLINE, INDIVIDUAL, RESULT, DRAW) VALUES (7, 'Tenis', TRUE, TRUE, FALSE);
INSERT INTO TYPE (ID_TYPE, DISCIPLINE, INDIVIDUAL, RESULT, DRAW) VALUES (8, 'Hokej', FALSE, TRUE, TRUE);
INSERT INTO TYPE (ID_TYPE, DISCIPLINE, INDIVIDUAL, RESULT, DRAW) VALUES (9, 'Formuła 1', TRUE, FALSE, FALSE);
INSERT INTO TYPE (ID_TYPE, DISCIPLINE, INDIVIDUAL, RESULT, DRAW) VALUES (10, 'Boks', TRUE, FALSE, FALSE);
INSERT INTO TYPE (ID_TYPE, DISCIPLINE, INDIVIDUAL, RESULT, DRAW) VALUES (11, 'Badminton', TRUE, TRUE, FALSE);
INSERT INTO TYPE (ID_TYPE, DISCIPLINE, INDIVIDUAL, RESULT, DRAW) VALUES (12, 'Baseball', FALSE, TRUE, TRUE);
INSERT INTO TYPE (ID_TYPE, DISCIPLINE, INDIVIDUAL, RESULT, DRAW) VALUES (13, 'Snooker', TRUE, TRUE, FALSE);
INSERT INTO TYPE (ID_TYPE, DISCIPLINE, INDIVIDUAL, RESULT, DRAW) VALUES (14, 'Golf', TRUE, TRUE, TRUE);
INSERT INTO TYPE (ID_TYPE, DISCIPLINE, INDIVIDUAL, RESULT, DRAW) VALUES (15, 'Kolarstwo', TRUE, FALSE, FALSE);
INSERT INTO TYPE (ID_TYPE, DISCIPLINE, INDIVIDUAL, RESULT, DRAW) VALUES (16, 'Paintball', FALSE, FALSE, FALSE);
INSERT INTO TYPE (ID_TYPE, DISCIPLINE, INDIVIDUAL, RESULT, DRAW) VALUES (17, 'Poker', TRUE, FALSE, FALSE);
INSERT INTO TYPE (ID_TYPE, DISCIPLINE, INDIVIDUAL, RESULT, DRAW) VALUES (18, 'Szachy', TRUE, FALSE, TRUE);

INSERT INTO ROLE (ROL_USER, NAME) VALUES (1, 'ADMIN');
INSERT INTO ROLE (ROL_USER, NAME) VALUES (2, 'USER');

INSERT INTO USER (ID_USER, USERNAME, EMAIL, FIRST_NAME, LAST_NAME, PASSWORD, ACTIVATED, ACTIVATION_PASSWORD) VALUES (1, 'admin', 'admin@admin', 'Admin', 'Potężny', '$2a$05$hCVNrTNJA.ZRAgx7LalY.eGCpEj5PxdnWxisVjhb9tvr1bZ751AFa', TRUE, '$2a$10$12IetLiiU8K3ynAM3ShfxOx5PMG0AvrxnbH7dGrQrAunqnp..wrKC');
INSERT INTO USER (ID_USER, USERNAME, EMAIL, FIRST_NAME, LAST_NAME, PASSWORD, ACTIVATED) VALUES (2, 'mateusz', 'mateusz@user', 'Mateusz', 'Miś', '$2a$05$hCVNrTNJA.ZRAgx7LalY.eGCpEj5PxdnWxisVjhb9tvr1bZ751AFa', TRUE);
INSERT INTO USER (ID_USER, USERNAME, EMAIL, FIRST_NAME, LAST_NAME, PASSWORD, ACTIVATED) VALUES (3, 'rafał', 'rafał@user', 'Rafał', 'Dziaczyński', '$2a$05$hCVNrTNJA.ZRAgx7LalY.eGCpEj5PxdnWxisVjhb9tvr1bZ751AFa', TRUE);
INSERT INTO USER (ID_USER, USERNAME, EMAIL, FIRST_NAME, LAST_NAME, PASSWORD, ACTIVATED) VALUES (4, 'adam', 'adam@user', 'Adam', 'Midura', '$2a$05$hCVNrTNJA.ZRAgx7LalY.eGCpEj5PxdnWxisVjhb9tvr1bZ751AFa', TRUE);

INSERT INTO USER_ROLE (ID_USER, ROL_USER) VALUES (1, 1);
INSERT INTO USER_ROLE (ID_USER, ROL_USER) VALUES (2, 2);
INSERT INTO USER_ROLE (ID_USER, ROL_USER) VALUES (3, 2);
INSERT INTO USER_ROLE (ID_USER, ROL_USER) VALUES (4, 2);

INSERT INTO MEMBER (ID_MEMBER, NAME, ID_TYPE) VALUES (-1, 'Remis', NULL);
INSERT INTO MEMBER (ID_MEMBER, NAME, ID_TYPE) VALUES (1, 'Arka Gdynia', 1);
INSERT INTO MEMBER (ID_MEMBER, NAME, ID_TYPE) VALUES (2, 'Legia Warszawa', 1);
INSERT INTO MEMBER (ID_MEMBER, NAME, ID_TYPE) VALUES (3, 'Real Madryt', 1);
INSERT INTO MEMBER (ID_MEMBER, NAME, ID_TYPE) VALUES (4, 'FC Barcelona', 1);
INSERT INTO MEMBER (ID_MEMBER, NAME, ID_TYPE) VALUES (5, 'Reprezentacja Polski', 1);
INSERT INTO MEMBER (ID_MEMBER, NAME, ID_TYPE) VALUES (6, 'Reprezentacja Niemiec', 1);
INSERT INTO MEMBER (ID_MEMBER, NAME, ID_TYPE) VALUES (7, 'Wisła Kraków', 1);
INSERT INTO MEMBER (ID_MEMBER, NAME, ID_TYPE) VALUES (8, 'Reprezentacja Kongo', 1);
INSERT INTO MEMBER (ID_MEMBER, NAME, ID_TYPE) VALUES (9, 'Juventus', 1);
INSERT INTO MEMBER (ID_MEMBER, NAME, ID_TYPE) VALUES (10, 'Reprezentacja Rosji', 1);
INSERT INTO MEMBER (ID_MEMBER, NAME, ID_TYPE) VALUES (11, 'Adam Malysz', 2);
INSERT INTO MEMBER (ID_MEMBER, NAME, ID_TYPE) VALUES (12, 'Kamil Stoch', 2);
INSERT INTO MEMBER (ID_MEMBER, NAME, ID_TYPE) VALUES (13, 'Stefan Kraft', 2);
INSERT INTO MEMBER (ID_MEMBER, NAME, ID_TYPE) VALUES (14, 'Stefan Hula', 2);
INSERT INTO MEMBER (ID_MEMBER, NAME, ID_TYPE) VALUES (15, 'Robert Johanson', 2);
INSERT INTO MEMBER (ID_MEMBER, NAME, ID_TYPE) VALUES (16, 'Richard Freitag', 2);
INSERT INTO MEMBER (ID_MEMBER, NAME, ID_TYPE) VALUES (17, 'Piotr Żyła', 2);
INSERT INTO MEMBER (ID_MEMBER, NAME, ID_TYPE) VALUES (18, 'Maciej Kot', 2);
INSERT INTO MEMBER (ID_MEMBER, NAME, ID_TYPE) VALUES (19, 'Dawid Kubacki', 2);
INSERT INTO MEMBER (ID_MEMBER, NAME, ID_TYPE) VALUES (20, 'Peter Prevc', 2);
INSERT INTO MEMBER (ID_MEMBER, NAME, ID_TYPE) VALUES (21, 'Michel Phelps', 3);
INSERT INTO MEMBER (ID_MEMBER, NAME, ID_TYPE) VALUES (22, 'Otylia Jędrzejczak', 3);
INSERT INTO MEMBER (ID_MEMBER, NAME, ID_TYPE) VALUES (23, 'Artur Wojdak', 3);
INSERT INTO MEMBER (ID_MEMBER, NAME, ID_TYPE) VALUES (24, 'Reprezentacja Polski', 4);
INSERT INTO MEMBER (ID_MEMBER, NAME, ID_TYPE) VALUES (25, 'Reprezentacja Rosji', 4);
INSERT INTO MEMBER (ID_MEMBER, NAME, ID_TYPE) VALUES (26, 'Reprezentacja Niemiec', 4);
INSERT INTO MEMBER (ID_MEMBER, NAME, ID_TYPE) VALUES (27, 'Reprezentacja Kataru', 4);
INSERT INTO MEMBER (ID_MEMBER, NAME, ID_TYPE) VALUES (28, 'Reprezentacja Brazyli', 4);
INSERT INTO MEMBER (ID_MEMBER, NAME, ID_TYPE) VALUES (29, 'Washington Wizards', 5);
INSERT INTO MEMBER (ID_MEMBER, NAME, ID_TYPE) VALUES (30, 'Reprezentacja USA', 5);
INSERT INTO MEMBER (ID_MEMBER, NAME, ID_TYPE) VALUES (31, 'Reprazentacja Polski', 5);
INSERT INTO MEMBER (ID_MEMBER, NAME, ID_TYPE) VALUES (32, 'Reprezentacja Polski', 6);
INSERT INTO MEMBER (ID_MEMBER, NAME, ID_TYPE) VALUES (33, 'Reprezentacja Rosji', 6);
INSERT INTO MEMBER (ID_MEMBER, NAME, ID_TYPE) VALUES (34, 'Reprezentacja Niemiec', 6);
INSERT INTO MEMBER (ID_MEMBER, NAME, ID_TYPE) VALUES (35, 'Reprezentacja Kataru', 6);
INSERT INTO MEMBER (ID_MEMBER, NAME, ID_TYPE) VALUES (36, 'Reprezentacja Brazyli', 6);
INSERT INTO MEMBER (ID_MEMBER, NAME, ID_TYPE) VALUES (37, 'Agnieszka Radwańska', 7);
INSERT INTO MEMBER (ID_MEMBER, NAME, ID_TYPE) VALUES (38, 'Roger Federer', 7);
INSERT INTO MEMBER (ID_MEMBER, NAME, ID_TYPE) VALUES (39, 'Rafael Nadal', 7);
INSERT INTO MEMBER (ID_MEMBER, NAME, ID_TYPE) VALUES (40, 'Maria Szarapowa', 7);
INSERT INTO MEMBER (ID_MEMBER, NAME, ID_TYPE) VALUES (41, 'Reprezentacja Polski', 8);
INSERT INTO MEMBER (ID_MEMBER, NAME, ID_TYPE) VALUES (42, 'Reprezentacja Rosji', 8);
INSERT INTO MEMBER (ID_MEMBER, NAME, ID_TYPE) VALUES (43, 'Reprezentacja USA', 8);
INSERT INTO MEMBER (ID_MEMBER, NAME, ID_TYPE) VALUES (44, 'Reprezentacja Kanady', 8);
INSERT INTO MEMBER (ID_MEMBER, NAME, ID_TYPE) VALUES (45, 'Reprezentacja Czech', 8);
INSERT INTO MEMBER (ID_MEMBER, NAME, ID_TYPE) VALUES (46, 'Rober Kubica', 9);
INSERT INTO MEMBER (ID_MEMBER, NAME, ID_TYPE) VALUES (47, 'Lewis Hamilton', 9);
INSERT INTO MEMBER (ID_MEMBER, NAME, ID_TYPE) VALUES (48, 'Nico Rosberg', 9);
INSERT INTO MEMBER (ID_MEMBER, NAME, ID_TYPE) VALUES (49, 'Fernando Alonso', 9);
INSERT INTO MEMBER (ID_MEMBER, NAME, ID_TYPE) VALUES (50, 'Kimi Räikkönen', 9);
INSERT INTO MEMBER (ID_MEMBER, NAME, ID_TYPE) VALUES (51, 'Timothy Bradley', 10);
INSERT INTO MEMBER (ID_MEMBER, NAME, ID_TYPE) VALUES (52, 'Carl Froch', 10);
INSERT INTO MEMBER (ID_MEMBER, NAME, ID_TYPE) VALUES (53, 'Juan Manuel Marquez', 10);
INSERT INTO MEMBER (ID_MEMBER, NAME, ID_TYPE) VALUES (54, 'Guillermo Rigondeaux', 10);
INSERT INTO MEMBER (ID_MEMBER, NAME, ID_TYPE) VALUES (55, 'Giennadij Gołowkin', 10);
INSERT INTO MEMBER (ID_MEMBER, NAME, ID_TYPE) VALUES (56, 'Viktor Axelsen', 11);
INSERT INTO MEMBER (ID_MEMBER, NAME, ID_TYPE) VALUES (57, 'Lin Dan', 11);
INSERT INTO MEMBER (ID_MEMBER, NAME, ID_TYPE) VALUES (58, 'Son Wan-ho', 11);
INSERT INTO MEMBER (ID_MEMBER, NAME, ID_TYPE) VALUES (59, 'Chen Long', 11);
INSERT INTO MEMBER (ID_MEMBER, NAME, ID_TYPE) VALUES (60, 'Reprezentacja Polski', 12);
INSERT INTO MEMBER (ID_MEMBER, NAME, ID_TYPE) VALUES (61, 'Reprezentacja USA', 12);
INSERT INTO MEMBER (ID_MEMBER, NAME, ID_TYPE) VALUES (62, 'Reprezentacja Kanady', 12);
INSERT INTO MEMBER (ID_MEMBER, NAME, ID_TYPE) VALUES (63, 'Mark Selby', 13);
INSERT INTO MEMBER (ID_MEMBER, NAME, ID_TYPE) VALUES (64, 'John Higgins', 13);
INSERT INTO MEMBER (ID_MEMBER, NAME, ID_TYPE) VALUES (65, 'Judd Trump', 13);
INSERT INTO MEMBER (ID_MEMBER, NAME, ID_TYPE) VALUES (66, 'Ding Junhui', 13);
INSERT INTO MEMBER (ID_MEMBER, NAME, ID_TYPE) VALUES (67, 'Arnold Palmer', 14);
INSERT INTO MEMBER (ID_MEMBER, NAME, ID_TYPE) VALUES (68, 'Byron Nelson', 14);
INSERT INTO MEMBER (ID_MEMBER, NAME, ID_TYPE) VALUES (69, 'Chi Chi Rodriguez', 14);
INSERT INTO MEMBER (ID_MEMBER, NAME, ID_TYPE) VALUES (70, 'Eldrick "Tiger" Woods', 14);
INSERT INTO MEMBER (ID_MEMBER, NAME, ID_TYPE) VALUES (71, 'Frederick Stephen Couples', 14);

INSERT INTO EVENT (ID_EVENT, ACTIVE, BEGIN_DATE, END_DATE, NAME, ID_TYPE) VALUES (1, TRUE, TO_DATE('2018-05-12','YYYY-MM-DD'), TO_DATE('2018-10-19','YYYY-MM-DD'), 'Real-Barca', 1);
INSERT INTO EVENT (ID_EVENT, ACTIVE, BEGIN_DATE, END_DATE, NAME, ID_TYPE) VALUES (2, FALSE, TO_DATE('2018-08-09','YYYY-MM-DD'), TO_DATE('2018-10-01','YYYY-MM-DD'), 'Wisła Kraków-Juventus', 1);
INSERT INTO EVENT (ID_EVENT, ACTIVE, BEGIN_DATE, END_DATE, NAME, ID_TYPE) VALUES (3, TRUE, TO_DATE('2018-04-09','YYYY-MM-DD'), TO_DATE('2018-10-01','YYYY-MM-DD'), 'Turniej czterech skoczni', 2);

INSERT INTO EVENT_MEMBER (ID_EVENT, ID_MEMBER) VALUES (1, 3);
INSERT INTO EVENT_MEMBER (ID_EVENT, ID_MEMBER) VALUES (1, 4);
INSERT INTO EVENT_MEMBER (ID_EVENT, ID_MEMBER) VALUES (2, 7);
INSERT INTO EVENT_MEMBER (ID_EVENT, ID_MEMBER) VALUES (2, 9);
INSERT INTO EVENT_MEMBER (ID_EVENT, ID_MEMBER) VALUES (3, 11);
INSERT INTO EVENT_MEMBER (ID_EVENT, ID_MEMBER) VALUES (3, 12);
INSERT INTO EVENT_MEMBER (ID_EVENT, ID_MEMBER) VALUES (3, 13);
INSERT INTO EVENT_MEMBER (ID_EVENT, ID_MEMBER) VALUES (3, 14);
INSERT INTO EVENT_MEMBER (ID_EVENT, ID_MEMBER) VALUES (3, 15);
INSERT INTO EVENT_MEMBER (ID_EVENT, ID_MEMBER) VALUES (3, 16);
INSERT INTO EVENT_MEMBER (ID_EVENT, ID_MEMBER) VALUES (3, 17);
INSERT INTO EVENT_MEMBER (ID_EVENT, ID_MEMBER) VALUES (3, 18);
INSERT INTO EVENT_MEMBER (ID_EVENT, ID_MEMBER) VALUES (3, 19);
INSERT INTO EVENT_MEMBER (ID_EVENT, ID_MEMBER) VALUES (3, 20);
