INSERT INTO TYPE (ID_TYPE, DISCIPLINE, INDIVIDUAL) VALUES (1, 'Piłka nożna', FALSE);
INSERT INTO TYPE (ID_TYPE, DISCIPLINE, INDIVIDUAL) VALUES (2, 'Skoki narciarskie', TRUE);
INSERT INTO TYPE (ID_TYPE, DISCIPLINE, INDIVIDUAL) VALUES (3, 'Pływanie', TRUE);
INSERT INTO TYPE (ID_TYPE, DISCIPLINE, INDIVIDUAL) VALUES (4, 'Piłka ręczna', FALSE);

INSERT INTO ROLE (ROL_USER, NAME) VALUES (1, 'admin');
INSERT INTO ROLE (ROL_USER, NAME) VALUES (2, 'user');

INSERT INTO USER (ID_USER, EMAIL, LOGIN,  FIRST_NAME, LAST_NAME, PASSWORD) VALUES (1, 'admin@admin', 'admin', 'Marek', 'Snieżek', 'dupa');
INSERT INTO USER (ID_USER, EMAIL, LOGIN,  FIRST_NAME, LAST_NAME, PASSWORD) VALUES (2, 'user1@user', 'user1', 'Marian', 'Paździoch', 'dupa');
INSERT INTO USER (ID_USER, EMAIL, LOGIN, FIRST_NAME, LAST_NAME, PASSWORD) VALUES (3, 'user2@user', 'user2', 'Ferdynand', 'Kiepski', 'dupa');

INSERT INTO USER_ROLE (ID_USER, ROL_USER) VALUES (1, 1);
INSERT INTO USER_ROLE (ID_USER, ROL_USER) VALUES (1, 2);
INSERT INTO USER_ROLE (ID_USER, ROL_USER) VALUES (2, 2);
INSERT INTO USER_ROLE (ID_USER, ROL_USER) VALUES (3, 2);

INSERT INTO MEMBER (ID_MEMBER, NAME, ID_TYPE) VALUES (1, 'Arka Gdynia', 1);
INSERT INTO MEMBER (ID_MEMBER, NAME, ID_TYPE) VALUES (2, 'Adam Malysz', 2);
INSERT INTO MEMBER (ID_MEMBER, NAME, ID_TYPE) VALUES (3, 'Kamil Stoch', 2);
INSERT INTO MEMBER (ID_MEMBER, NAME, ID_TYPE) VALUES (4, 'Legia Warszawa', 1);

INSERT INTO EVENT (ID_EVENT, ACTIVE, BEGIN_DATE, END_DATE, NAME, ID_TYPE) VALUES (1, true, to_date('2018-05-12','YYYY-MM-DD'), to_date('2018-06-19','YYYY-MM-DD'), 'Real-Barca', 1 );
INSERT INTO EVENT (ID_EVENT, ACTIVE, BEGIN_DATE, END_DATE, NAME, ID_TYPE) VALUES (2, false, to_date('2018-08-09','YYYY-MM-DD'), to_date('2018-09-01','YYYY-MM-DD'), 'PSG-Juventus', 1 );

INSERT INTO BET (ID_BET, AMOUNT, BET_RESULT, PRIZE, ID_EVENT, ID_USER) VALUES(1, 100, 'Wygrales', 200,1,1);

INSERT INTO EVENT_MEMBER (ID_EVENT, ID_MEMBER) VALUES(1, 1);
INSERT INTO EVENT_MEMBER (ID_EVENT, ID_MEMBER) VALUES(1, 2);